<?xml version="1.0" encoding="UTF-8" standalone="yes"?>
<addon id="repository.uni" name="NY Builds" version="1.0" provider-name="universal1">
    <extension point="xbmc.addon.repository" name="NY Builds Wizard">
        <dir>
            <info compressed="false">https://raw.githubusercontent.com/universalone/repository.uni/master/zips/addons.xml</info>
            <checksum>https://raw.githubusercontent.com/universalone/repository.uni/master/zips/addons.xml.md5</checksum>
            <datadir zip="true">https://raw.githubusercontent.com/universalone/repository.uni/master/zips/</datadir>
        </dir>
    </extension>
    <extension point="xbmc.addon.metadata">
        <summary>NY Builds Repo</summary>
        <description>A place to find some builds</description>
        <disclaimer></disclaimer>
        <platform>all</platform>
        <assets>
            <icon>icon.png</icon>
            <fanart>fanart.jpg</fanart>
        </assets>
    </extension>
</addon>