{
	"builds": [
		{
			"name": "The Simple Build 18.9",
			"version": "1.0",
			"url": "https://archive.org/download/the-simple-build-18.9/The%20simple%20Build%2018.9%20.zip",
			"icon": "https://archive.org/download/fanart_20160417/fanart.jpg",
			"fanart": "https://archive.org/download/fanart_20160417/fanart.jpg",
			"description": "Builds for everyon."
		},
		{
			"name": "Simple Build",
			"version": "1.0",
			"url": "https://archive.org/download/simple-build/simple%20build.zip",
			"icon": "https://archive.org/download/fanart_20160417/fanart.jpg",
			"fanart": "https://archive.org/download/fanart_20160417/fanart.jpg",
			"description": "Builds for everyone"
		}
	]
}